School Name,Address,Telephone,Email,Website,Local Authority
St Edward's Oxford,NULL,Email: registrar@stedwardsoxford.org,Website: https://www.stedwardsoxford.org/,Unlock to access,NULL
Acland Burghley School,NULL,Email: info@aclandburghley.camden.sch.uk,Website: https://www.aclandburghley.camden.sch.uk,Unlock to access,NULL
Ashford School,NULL,Email: admissions@ashfordschool.co.uk,Website: https://www.ashfordschool.co.uk,Unlock to access,NULL
Manchester High School for Girls,NULL,Email: registrar@mhsg.manchester.sch.uk,Website: https://www.manchesterhigh.co.uk/,Unlock to access,NULL
The Belvedere Academy,NULL,Email: info@belvedereacademy.net,Website: https://www.belvedereacademy.net,NULL,NULL
Search,NULL,NULL,NULL,NULL,NULL
Search,NULL,NULL,NULL,NULL,NULL
Search,NULL,NULL,NULL,NULL,NULL
Search,NULL,NULL,NULL,NULL,NULL
Search,NULL,NULL,NULL,NULL,NULL
Search,NULL,NULL,NULL,NULL,NULL
Search,NULL,NULL,NULL,NULL,NULL
Search,NULL,NULL,NULL,NULL,NULL
Search,NULL,NULL,NULL,NULL,NULL
Search,NULL,NULL,NULL,NULL,NULL
VAT on school fees FAQs,NULL,NULL,NULL,NULL,NULL
School open days,NULL,NULL,NULL,NULL,NULL
A guide to state schools,NULL,NULL,NULL,Results and value added,NULL
Our school data explained,NULL,NULL,NULL,NULL,NULL
Search,NULL,NULL,NULL,NULL,NULL
Search,NULL,NULL,NULL,NULL,NULL
Abbot's Hill School,NULL,Email: admissions@abbotshill.herts.sch.uk,Website: https://www.abbotshill.herts.sch.uk,Unlock to access,NULL
Abbot's Hill School,NULL,Email: admissions@abbotshill.herts.sch.uk,Website: https://www.abbotshill.herts.sch.uk,Unlock to access,NULL
Abingdon House Prep,NULL,Email: enquiries@abingdonhouseschool.co.uk,Website: https://www.abingdonhouseschool.co.uk/,Unlock to access,NULL
Abingdon House Prep,NULL,Email: enquiries@abingdonhouseschool.co.uk,Website: https://www.abingdonhouseschool.co.uk/,Unlock to access,NULL
Abingdon House Prep,NULL,Email: enquiries@abingdonhouseschool.co.uk,Website: https://www.abingdonhouseschool.co.uk/,Unlock to access,NULL
Abingdon House School and College,NULL,Email: office@abingdonhouseschool.co.uk,Website: https://www.abingdonhouseschool.co.uk/,Unlock to access,NULL
Abingdon House School and College,NULL,Email: office@abingdonhouseschool.co.uk,Website: https://www.abingdonhouseschool.co.uk/,Unlock to access,NULL
Abingdon House School and College,NULL,Email: office@abingdonhouseschool.co.uk,Website: https://www.abingdonhouseschool.co.uk/,Unlock to access,NULL
Abingdon Preparatory School,NULL,Email: admissions@abingdonprep.org.uk,Website: https://www.abingdon.org.uk/prep/,Unlock to access,NULL
Abingdon Preparatory School,NULL,Email: admissions@abingdonprep.org.uk,Website: https://www.abingdon.org.uk/prep/,Unlock to access,NULL
Abingdon Preparatory School,NULL,Email: admissions@abingdonprep.org.uk,Website: https://www.abingdon.org.uk/prep/,Unlock to access,NULL
Abingdon School,NULL,Email: admissions@abingdon.org.uk,Website: https://www.abingdon.org.uk/,Unlock to access,NULL
Abingdon School,NULL,Email: admissions@abingdon.org.uk,Website: https://www.abingdon.org.uk/,Unlock to access,NULL
Abingdon School,NULL,Email: admissions@abingdon.org.uk,Website: https://www.abingdon.org.uk/,Unlock to access,NULL
Acland Burghley School,NULL,Email: info@aclandburghley.camden.sch.uk,Website: https://www.aclandburghley.camden.sch.uk,Unlock to access,NULL
Acland Burghley School,NULL,Email: info@aclandburghley.camden.sch.uk,Website: https://www.aclandburghley.camden.sch.uk,Unlock to access,NULL
Acland Burghley School,NULL,Email: info@aclandburghley.camden.sch.uk,Website: https://www.aclandburghley.camden.sch.uk,Unlock to access,NULL
ACS International School Cobham,NULL,Email: cobhamadmissions@acs-schools.com,Website: https://www.acs-schools.com,Unlock to access,NULL
ACS International School Cobham,NULL,Email: cobhamadmissions@acs-schools.com,Website: https://www.acs-schools.com,Unlock to access,NULL
ACS International School Cobham,NULL,Email: cobhamadmissions@acs-schools.com,Website: https://www.acs-schools.com,Unlock to access,NULL
ACS International School Egham,NULL,Email: eghamadmissions@acs-schools.com,Website: https://www.acs-schools.com/egham/,Unlock to access,NULL
ACS International School Egham,NULL,Email: eghamadmissions@acs-schools.com,Website: https://www.acs-schools.com/egham/,Unlock to access,NULL
ACS International School Egham,NULL,Email: eghamadmissions@acs-schools.com,Website: https://www.acs-schools.com/egham/,Unlock to access,NULL
ACS International School Hillingdon,NULL,Email: hillingdonadmissions@acs-schools.com,Website: https://www.acs-schools.com/hillingdon,Unlock to access,NULL
ACS International School Hillingdon,NULL,Email: hillingdonadmissions@acs-schools.com,Website: https://www.acs-schools.com/hillingdon,Unlock to access,NULL
ACS International School Hillingdon,NULL,Email: hillingdonadmissions@acs-schools.com,Website: https://www.acs-schools.com/hillingdon,Unlock to access,NULL
AKS Lytham,NULL,Email: admissions@akslytham.com,Website: https://www.akslytham.com,Unlock to access,NULL
AKS Lytham,NULL,Email: admissions@akslytham.com,Website: https://www.akslytham.com,Unlock to access,NULL
AKS Lytham,NULL,Email: admissions@akslytham.com,Website: https://www.akslytham.com,Unlock to access,NULL
Search,NULL,NULL,NULL,NULL,NULL
Search,NULL,NULL,NULL,NULL,NULL
Search,NULL,NULL,NULL,NULL,NULL
Search,NULL,NULL,NULL,NULL,NULL
Search,NULL,NULL,NULL,NULL,NULL
